{
  "gpu_device": "NVIDIA GeForce RTX 5070 Ti Laptop GPU",
  "test_type": "sparsity_comparison",
  "matrix_size": 1000,
  "results": [
    {
      "sparsity_percent": 50,
      "matrix_size": 1000,
      "nnz_A": 393950,
      "nnz_B": 393085,
      "actual_sparsity": 60.605,
      "gpu_time": 0.0018332999510069687,
      "gpu_std": 0.0005514996466437099,
      "method": "Dense GPU (PyTorch)"
    },
    {
      "sparsity_percent": 90,
      "matrix_size": 1000,
      "nnz_A": 95178,
      "nnz_B": 95136,
      "actual_sparsity": 90.4822,
      "gpu_time": 0.0015074333253627021,
      "gpu_std": 0.00042379440410097037,
      "method": "Dense GPU (PyTorch)"
    },
    {
      "sparsity_percent": 95,
      "matrix_size": 1000,
      "nnz_A": 48785,
      "nnz_B": 48766,
      "actual_sparsity": 95.1215,
      "gpu_time": 0.001138966646976769,
      "gpu_std": 1.661851186663377e-05,
      "method": "Dense GPU (PyTorch)"
    },
    {
      "sparsity_percent": 99,
      "matrix_size": 1000,
      "nnz_A": 9954,
      "nnz_B": 9951,
      "actual_sparsity": 99.0046,
      "gpu_time": 0.0016753000284855564,
      "gpu_std": 0.0003146857142696586,
      "method": "Dense GPU (PyTorch)"
    }
  ]
}