Graph,Nodes,Edges,Sparsity%,SparseTime(s),DenseTime(s),Speedup,Winner,SparseMem(MB),DenseMem(MB)
Small,500,9799,96.0804,0.003941,0.147263,37.37,Sparse,0.30,3.81
Medium,1000,19799,98.0201,0.005986,1.247263,208.37,Sparse,0.60,15.26
Large,1500,44537,98.0206,0.023927,7.425088,310.32,Sparse,1.36,34.33
